{"version":6,"hash":{"type":"Buffer","data":"QWVXGm0UBuNVtlRbJcBl4HQykhpm0Cue20NAmGoWfuV+F/Y7nH2fARpTg6vix6zKzVJgVaDEv/fBZTgBIVzp4TTID+7NTMkFnu1S5TpICxQ7Jvn5w3MsQLVu6ZZfRmo4gHdug0kbFGTxSyLJW7NSLRH0ePlct4ZtG6jniVwFFFQ="},"indexValueMap":{"UD/eKsFgCMFaf0GX8YpU5o+J4K1njnWeAxBFEoujqS4=":{"valueMac":{"type":"Buffer","data":"rsfcmAa4ZGrXkMd/i8u8vb2Iu+nNFvqGfU1RDtaLxf8="}},"hQLgNwR0zk6oc9m1xCGqies9REKaA+f3JMZgO2s6wQM=":{"valueMac":{"type":"Buffer","data":"PrWhWooBfI9a2yOHA2nUdB974l4OoFWuD9IshZKBVeM="}}}}