{"version":6,"hash":{"type":"Buffer","data":"Q6wQU1BhnVZ2dQhjt5v5yd32hV89BPSjWdqN5+41GVmeEQ89Wxc0bsjd6BSYZNbhJ70CcTDzVKSu+A0k5fjf08Qh40QLzLpTOXVHIYpTfXBDFufWM4n2l4jY15X8q9YOdWvZvYIk/ebQCQzVW3wGPAPcoAyagRPR9TwdGElGFWk="},"indexValueMap":{"NqYWK3kvnrrbOS2CAqYJ0twA4LnVq28LTvtrIlFWUI0=":{"valueMac":{"type":"Buffer","data":"l5J6CalfYGNR1uMjmEYgpPAQOSnc4NV9VbuNgStkN0I="}},"d5IbHTN7bCmbvdPxPguqXV4s/OMvmzGjggUHkgGQjV8=":{"valueMac":{"type":"Buffer","data":"cXNT6symaa/N5E35etmGuigpefZXJL3VUR7Z79NvIW8="}}}}