{"version":16,"hash":{"type":"Buffer","data":"n2C8/7Bl0DuI0Y6Bso8J7LndYxpweD2MbTao2s6zV8OJhc7zW6GoHgPVayk2muIj1w7wm6HtjLDZsuOd5ppIm4GiH74tChlgCLk29CBmwdohHewYrXdJolz+yubI5spa7wW7IKV7ZDYa7bza8CKj91RUm7S7cfd6QxwqKaccwec="},"indexValueMap":{"BFEPQRmky52rwewknBTkilYCJapvf78RmtO6JzCPPxc=":{"valueMac":{"type":"Buffer","data":"+Mm9WlWljWtyJ1BevzSX8zRjXmpnGiHyxlrGptgNve0="}},"Eg9GZxqPPZiTRgU+Bq21F7oqlz76r9bS5Qw9kV3muTo=":{"valueMac":{"type":"Buffer","data":"1pGZgA1pClPPlDAeMa5IZa8x4xzc6fzbhjaDlTEv91A="}},"RlitI56m9Ov7dGNPwLJ/0b8iVDQ6lpqV8vD5wcwfrvU=":{"valueMac":{"type":"Buffer","data":"WQ3S0E7IK9JSRvKP8zUtBGT4La/MKV/BIr2NKp9qB2A="}},"XH7oZZ8p1Ap/06RhvHqoC+o5iAuCRZqJnALWKzFXSp8=":{"valueMac":{"type":"Buffer","data":"aUCnksMY6q2eeipmu4Vz8ePcuMNaaXnmqK3LZyL7YPw="}},"aIpyjCFLF6nV0zRQlZb7pIbHhECWt/4X92G2epXAH2s=":{"valueMac":{"type":"Buffer","data":"LOReGf2brjWz4aDcBx1vIPe9vcA52h+eV4E+kB5ncQ4="}},"dwwkUbCnZAZnn8GSixKTRdITttrapoxA+apgV0nwG3c=":{"valueMac":{"type":"Buffer","data":"QTq/YO22U+0+pdeP5Pmzy8nCIpPIVBqbeJ60MEkkoIw="}},"fh24Di6b0m14/Gz9Dk1PC5oSUqGeVCXa9Dpab2bYXn0=":{"valueMac":{"type":"Buffer","data":"ZmtyiHxGzDLothLZsBBLE5blbWM6QxQLMTJjOM+PQ1w="}},"jAUIb2CAHUh9C1knCEQYkd5iZGzrf9+dEeGVQBhxvNg=":{"valueMac":{"type":"Buffer","data":"JZpP7RU3W87jmT9wuw4BFURy0mgmZa9/Ews3ebaLWB0="}},"1ds9QVWc1S70wE4PQW2zvlM78e9LYptkxMr4DCihWrs=":{"valueMac":{"type":"Buffer","data":"IwsoBPxafPA/RKG3a5opAc8wCRP4UZ4Te20Xj3BDrLo="}},"3y0DsGqqEsWJ5NGL7col0/lV/uTjwOSM1GKTkNGEVUQ=":{"valueMac":{"type":"Buffer","data":"w9WHx/VWdSDMj81etwmjc3gHdItA4o7U2wQyT8IpY7A="}},"8s2hZ2ijOg9mYeVpeEbnyWLnauxSEHmEEl2d8ISmQHo=":{"valueMac":{"type":"Buffer","data":"Z0fuUvsR5ms3qkC07LaGGyuzmQqhGTcAq2tn6qUvSOA="}},"9359NGHvtps1WvW9mZrvaxIiQ31JoUZLXRhs6EBDiQ4=":{"valueMac":{"type":"Buffer","data":"aw79rjmhr+dDgcIvuR4OMjM5B6h9ZLueDO2RTUoYYMU="}},"4Pxf9hV/W2bgPrZCDOsp1eYgFLMS0IlbcCG+wjc8JrA=":{"valueMac":{"type":"Buffer","data":"B6cgaFqX0gggz80pH0OVMLfqSuKH4VTlmcnNzwK20GQ="}},"533mCnr0YCbDFI6y64iq6stJaZwdY6mgPdFfaDxBhho=":{"valueMac":{"type":"Buffer","data":"zH2yjIPLtF4xczQhbEvzIkexXPTRzZWSLvXwoL65lZI="}},"4s4Y0yzlgxIH7u6DobxjFTzQX/+RM1vli6A/CtAZtM8=":{"valueMac":{"type":"Buffer","data":"WguYbWCPOAGhHXn+IJ6/gp5l5/iGdVT5QgSGUhTyssQ="}},"s3Ss1dHOpr4/2ByOT98BSFHfkdm72T6SkTlOxKYoFMw=":{"valueMac":{"type":"Buffer","data":"gOlezlR45mN/YWq29YUgD+adWP9o0y87HNcd7LwGVtw="}},"/ZP3m6SMQfy4gU38xxcbWHNh9btU2cjr3hUCrVNb5K0=":{"valueMac":{"type":"Buffer","data":"2969X2nP1NqjQPkoEX8cH9I8bqzv1RTJsB3wpiaiJEw="}},"+EUvCjF8Lawplv9bYkpepCdn93mLFs3mXYGDrfiDGOg=":{"valueMac":{"type":"Buffer","data":"kupE6223WYBxibEIbEQGxiFv2GLJ/1OSwdeELZj2z8M="}},"854+hxjEaDb6nutGQSAPaNiBjxtKpfNueR8nN7WOnIM=":{"valueMac":{"type":"Buffer","data":"g+uWowwruHZapz3s+fhRrgeH7M0a/oXSYhaZYCdtSF0="}}}}