{"noiseKey":{"private":{"type":"Buffer","data":"wH+vw6TXGHJhS0G+Q326a7rdVOj7ZSRen8WY2uKuMWo="},"public":{"type":"Buffer","data":"f0Dt2/qF669ulEGuOCLAGz5FxkvPlBCC5UF5zvCl90E="}},"pairingEphemeralKeyPair":{"private":{"type":"Buffer","data":"SA20n6jd+Zjpgiw3vhK37Z/rtnILXDHKKd3x4zZZVGE="},"public":{"type":"Buffer","data":"RH20XJmhz0LEwJM2LqLUJcPB8nJ6V3plDjnHNwOwHW4="}},"signedIdentityKey":{"private":{"type":"Buffer","data":"aIjO7ke9PcJ2JrxzujTwcmxX1HUYTmIzm1kl5tyXa2M="},"public":{"type":"Buffer","data":"v+srAYhvFUzARC7dDE511jkdW3RKgKf3CyiYa2VrGUk="}},"signedPreKey":{"keyPair":{"private":{"type":"Buffer","data":"UATNh7NkbI7yX2gBFTqEq+7gV1V9PeEuxw1BhpkjqEA="},"public":{"type":"Buffer","data":"e2B6k1SomQ8h+51D7vi9C9uLghSlYV7MXWWGzll5ojI="}},"signature":{"type":"Buffer","data":"DZuuVm63/HhCErv1xcauUt+Ura9hEGLPZ80wH/T7wGE96Zv9Tt2dCdNb3Kdy5NfLuNFX1xR7+wyMZBQfNASKBA=="},"keyId":1},"registrationId":127,"advSecretKey":"AWkYMiS3J1ytL3LffrfqRpl8U8adb8FN1fl7iWIwic0=","processedHistoryMessages":[{"key":{"remoteJid":"94762201490@s.whatsapp.net","fromMe":true,"id":"099CCFF2DBAF0CE807CD234C556E65E1"},"messageTimestamp":1701751704},{"key":{"remoteJid":"94762201490@s.whatsapp.net","fromMe":true,"id":"65F62919E7026F28362CC878617D4125"},"messageTimestamp":1701751706}],"nextPreKeyId":31,"firstUnuploadedPreKeyId":31,"accountSyncCounter":1,"accountSettings":{"unarchiveChats":false},"deviceId":"LI49HdheS0eQNlplRiWQYQ","phoneId":"a9665b05-44a1-422c-a3bf-80b0fc71ecb3","identityId":{"type":"Buffer","data":"wjX2pfG9AZLvjaH4k+4rh2f9hqA="},"registered":false,"backupToken":{"type":"Buffer","data":"Ku8FSlNHZ5Mc1tIKLNpPrhq/HZk="},"registration":{},"account":{"details":"CKqGwv4CEIzXuqsGGAggACgA","accountSignatureKey":"rQTxCwy7blftG2GPPQ0SGnQ8z08smLS6DUIJRhVv52s=","accountSignature":"EfH25z7Kxzh8TJm/rJcjKIFEi/I/e5zhH2xnoZuHblEYJW+AnVkCzSYPkr65jYRppEV3JOX+/V15AQUMua8NBw==","deviceSignature":"+bcwmow5FYFCZiJDHLcEaSeAZkVjRDLjw5FxtQk0ucz0s7Rj6IgfLoKg8N2WjlbmVLtCAXdnHQF146RQ/3jpAA=="},"me":{"id":"94762201490:13@s.whatsapp.net","name":"◨┉━━━━╚◭𝗗𝗞 𝗠𝗢𝗗𝗭◮╝━━━━━┉◧"},"signalIdentities":[{"identifier":{"name":"94762201490:13@s.whatsapp.net","deviceId":0},"identifierKey":{"type":"Buffer","data":"Ba0E8QsMu25X7Rthjz0NEhp0PM9PLJi0ug1CCUYVb+dr"}}],"platform":"android","lastAccountSyncTimestamp":1701751695,"myAppStateKeyId":"AAAAAImF"}