{"_sessions":{"BaH24AYfJlmCn10jft7+YoTyeYO3MXlOFoKWTmyGkvAa":{"registrationId":133,"currentRatchet":{"ephemeralKeyPair":{"pubKey":"BbbYBYeWByhBJxhN1XAqk98e1nvLjxryecw9rl8sC6o6","privKey":"8EKwPFwYUkOwEo4TgSZxGZUCoi29Z+lSZO3CCFPI+E4="},"lastRemoteEphemeralKey":"BYYj3tgrs89+QXZnB3VZln/jWuGotE0It+OQiv5hnSgI","previousCounter":0,"rootKey":"0XGSCHw0PoOwtjzvS75rlImFsX3fE/c7g2i943iwSI8="},"indexInfo":{"baseKey":"BaH24AYfJlmCn10jft7+YoTyeYO3MXlOFoKWTmyGkvAa","baseKeyType":1,"closed":-1,"used":1701751707842,"created":1701751707842,"remoteIdentityKey":"BS3ddwoiAa9y1a3E5nG3KU3DUaKdeb77RoQWNON3REpE"},"_chains":{"BbbYBYeWByhBJxhN1XAqk98e1nvLjxryecw9rl8sC6o6":{"chainKey":{"counter":1,"key":"AAZ3Ep+dbMIE8FcsfNpYhE1WngKNPx0QnuMDcaFNncM="},"chainType":1,"messageKeys":{}}},"pendingPreKey":{"signedKeyId":1,"baseKey":"BaH24AYfJlmCn10jft7+YoTyeYO3MXlOFoKWTmyGkvAa","preKeyId":35}}},"version":"v1"}