{"_sessions":{"BWaieYbwJPKtV7nykFvkRTz7bJl57uSGPNoeM2szw8cQ":{"registrationId":444716053,"currentRatchet":{"ephemeralKeyPair":{"pubKey":"BfjDGFPzJneZhM+poro7xI8672mJMB9kuUY4wKjAnrll","privKey":"uGHJlSb/CCP19Una1j0le2ijd8qCfryXn16Rl4JvxFs="},"lastRemoteEphemeralKey":"BQLVI8iP3X9O3WEQSsi+qsTv/khwp/zQ2O5ixl2gY2I2","previousCounter":0,"rootKey":"epbOHB+MFBIw9W8dvo1dibMICNTxzdkFr0rMdvuARiA="},"indexInfo":{"baseKey":"BWaieYbwJPKtV7nykFvkRTz7bJl57uSGPNoeM2szw8cQ","baseKeyType":2,"closed":-1,"used":1701751697172,"created":1701751697172,"remoteIdentityKey":"Ba0E8QsMu25X7Rthjz0NEhp0PM9PLJi0ug1CCUYVb+dr"},"_chains":{"BQLVI8iP3X9O3WEQSsi+qsTv/khwp/zQ2O5ixl2gY2I2":{"chainKey":{"counter":5,"key":"YMd1eo5bRNmnBgsFdBc4SSUlyRt/VyHkc3ISAgvF434="},"chainType":2,"messageKeys":{}},"BfjDGFPzJneZhM+poro7xI8672mJMB9kuUY4wKjAnrll":{"chainKey":{"counter":3,"key":"OOU5WyNNdBVMRoJP8P00UV5wVY4U5gGkDklFHDRyIMk="},"chainType":1,"messageKeys":{}}}}},"version":"v1"}