{"_sessions":{"BcXaWhp1Fo8YJ/zV3RlIvMmnhoolrz1gnCEqfUhNDu13":{"registrationId":180,"currentRatchet":{"ephemeralKeyPair":{"pubKey":"BYsPWmtrFTK5eCtc4D7M2xv3N+2vbU/DWUewnU9mXGE7","privKey":"8FaCDFPZagq1TFwP8CvPMh0y7GTNZKe/J67KX8rA0HA="},"lastRemoteEphemeralKey":"Bf6/q/+X17YPBPlYxRtSLoARAoz3BNTqjCi7g4CxCHoe","previousCounter":0,"rootKey":"e3b+y1vsd1pJzNfwTHDN3NjMczTJJk3l71fNPMeQ2E0="},"indexInfo":{"baseKey":"BcXaWhp1Fo8YJ/zV3RlIvMmnhoolrz1gnCEqfUhNDu13","baseKeyType":1,"closed":-1,"used":1701751707845,"created":1701751707845,"remoteIdentityKey":"BXHRl4iWp+0/JeTOVrBBcKIglSIQSZsdixnuKqJ6gF1n"},"_chains":{"BYsPWmtrFTK5eCtc4D7M2xv3N+2vbU/DWUewnU9mXGE7":{"chainKey":{"counter":1,"key":"5Kq9ZC2eF6pHEy/5MufqZc4eCqsdB1aH21oWgQaeoZg="},"chainType":1,"messageKeys":{}}},"pendingPreKey":{"signedKeyId":1,"baseKey":"BcXaWhp1Fo8YJ/zV3RlIvMmnhoolrz1gnCEqfUhNDu13","preKeyId":4}}},"version":"v1"}